Roll Number,Date/Time,Status,,,,
,,,,,,
111001,26/11/2024 09:30:00,On Time,,,,
111002,26/11/2024 09:30:00,On Time,,,,
111003,26/11/2024 09:30:00,On Time,,,,
111004,26/11/2024 09:30:00,On Time,,,,
111005,26/11/2024 09:30:00,On Time,,,,
111006,26/11/2024 09:30:00,On Time,,,,
111007,26/11/2024 09:30:00,On Time,,,,
111008,26/11/2024 09:30:00,On Time,,,,
111009,26/11/2024 09:30:00,On Time,,,,
111010,26/11/2024 09:30:00,On Time,,,,
111011,26/11/2024 09:30:00,On Time,,,,
111012,26/11/2024 09:30:00,On Time,,,,
111013,26/11/2024 09:30:00,On Time,,,,
111014,26/11/2024 09:30:00,On Time,,,,
111015,26/11/2024 09:30:00,On Time,,,,
111016,26/11/2024 09:30:00,On Time,,,,
111017,26/11/2024 09:30:00,On Time,,,,
111018,26/11/2024 09:30:00,On Time,,,,
111019,26/11/2024 09:30:00,On Time,,,,
111020,26/11/2024 09:30:00,On Time,,,,
111021,26/11/2024 09:30:00,On Time,,,,
111022,26/11/2024 09:30:00,On Time,,,,
111023,26/11/2024 09:30:00,On Time,,,,
111024,26/11/2024 09:30:00,On Time,,,,
111025,26/11/2024 09:30:00,On Time,,,,
111026,26/11/2024 09:30:00,On Time,,,,
111027,26/11/2024 09:30:00,On Time,,,,
111028,26/11/2024 09:30:00,On Time,,,,
111029,26/11/2024 09:30:00,On Time,,,,
111030,26/11/2024 09:30:00,On Time,,,,
112001,26/11/2024 09:30:00,On Time,,,,
112002,26/11/2024 09:30:00,On Time,,,,
112003,26/11/2024 09:30:00,On Time,,,,
112004,26/11/2024 09:30:00,On Time,,,,
112005,26/11/2024 09:30:00,On Time,,,,
112006,26/11/2024 09:30:00,On Time,,,,
112007,26/11/2024 09:30:00,On Time,,,,
112008,26/11/2024 09:30:00,On Time,,,,
112009,26/11/2024 09:30:00,On Time,,,,
112010,26/11/2024 09:30:00,On Time,,,,
112011,26/11/2024 09:30:00,On Time,,,,
112012,26/11/2024 09:30:00,On Time,,,,
112013,26/11/2024 09:30:00,On Time,,,,
112014,26/11/2024 09:30:00,On Time,,,,
112015,26/11/2024 09:30:00,On Time,,,,
112016,26/11/2024 09:30:00,On Time,,,,
112017,26/11/2024 09:30:00,On Time,,,,
112018,26/11/2024 09:30:00,On Time,,,,
112019,26/11/2024 09:30:00,On Time,,,,
112020,26/11/2024 09:30:00,On Time,,,,
112021,26/11/2024 09:30:00,On Time,,,,
112022,26/11/2024 09:30:00,On Time,,,,
112023,26/11/2024 09:30:00,On Time,,,,
112024,26/11/2024 09:30:00,On Time,,,,
112025,26/11/2024 09:30:00,On Time,,,,
112026,26/11/2024 09:30:00,On Time,,,,
112027,26/11/2024 09:30:00,On Time,,,,
112028,26/11/2024 09:30:00,On Time,,,,
112029,26/11/2024 09:30:00,On Time,,,,
112030,26/11/2024 09:30:00,On Time,,,,
121001,26/11/2024 09:30:00,On Time,,,,
121002,26/11/2024 09:30:00,On Time,,,,
121003,26/11/2024 09:30:00,On Time,,,,
121004,26/11/2024 09:30:00,On Time,,,,
121005,26/11/2024 09:30:00,On Time,,,,
121006,26/11/2024 09:30:00,On Time,,,,
121007,26/11/2024 09:30:00,On Time,,,,
121008,26/11/2024 09:30:00,On Time,,,,
121009,26/11/2024 09:30:00,On Time,,,,
121010,26/11/2024 09:30:00,On Time,,,,
121011,26/11/2024 09:30:00,On Time,,,,
121012,26/11/2024 09:30:00,On Time,,,,
121013,26/11/2024 09:30:00,On Time,,,,
121014,26/11/2024 09:30:00,On Time,,,,
121015,26/11/2024 09:30:00,On Time,,,,
121016,26/11/2024 09:30:00,On Time,,,,
121017,26/11/2024 09:30:00,On Time,,,,
121018,26/11/2024 09:30:00,On Time,,,,
121019,26/11/2024 09:30:00,On Time,,,,
121020,26/11/2024 09:30:00,On Time,,,,
121021,26/11/2024 09:30:00,On Time,,,,
121022,26/11/2024 09:30:00,On Time,,,,
121023,26/11/2024 09:30:00,On Time,,,,
121024,26/11/2024 09:30:00,On Time,,,,
121025,26/11/2024 09:30:00,On Time,,,,
121026,26/11/2024 09:30:00,On Time,,,,
121027,26/11/2024 09:30:00,On Time,,,,
121028,26/11/2024 09:30:00,On Time,,,,
121029,26/11/2024 09:30:00,On Time,,,,
121030,26/11/2024 09:30:00,On Time,,,,
122001,26/11/2024 09:30:00,On Time,,,,
122002,26/11/2024 09:30:00,On Time,,,,
122003,26/11/2024 09:30:00,On Time,,,,
122004,26/11/2024 09:30:00,On Time,,,,
122005,26/11/2024 09:30:00,On Time,,,,
122006,26/11/2024 09:30:00,On Time,,,,
122007,26/11/2024 09:30:00,On Time,,,,
122008,26/11/2024 09:30:00,On Time,,,,
122009,26/11/2024 09:30:00,On Time,,,,
122010,26/11/2024 09:30:00,On Time,,,,
122011,26/11/2024 09:30:00,On Time,,,,
122012,26/11/2024 09:30:00,On Time,,,,
122013,26/11/2024 09:30:00,On Time,,,,
122014,26/11/2024 09:30:00,On Time,,,,
122015,26/11/2024 09:30:00,On Time,,,,
122016,26/11/2024 09:30:00,On Time,,,,
122017,26/11/2024 09:30:00,On Time,,,,
122018,26/11/2024 09:30:00,On Time,,,,
122019,26/11/2024 09:30:00,On Time,,,,
122020,26/11/2024 09:30:00,On Time,,,,
122021,26/11/2024 09:30:00,On Time,,,,
122022,26/11/2024 09:30:00,On Time,,,,
122023,26/11/2024 09:30:00,On Time,,,,
122024,26/11/2024 09:30:00,On Time,,,,
122025,26/11/2024 09:30:00,On Time,,,,
122026,26/11/2024 09:30:00,On Time,,,,
122027,26/11/2024 09:30:00,On Time,,,,
122028,26/11/2024 09:30:00,On Time,,,,
122029,26/11/2024 09:30:00,On Time,,,,
122030,26/11/2024 09:30:00,On Time,,,,
111001,27/11/2024 09:30:00,On Time,,,,
111002,27/11/2024 09:30:00,On Time,,,,
111003,27/11/2024 09:30:00,On Time,,,,
111004,27/11/2024 09:30:00,On Time,,,,
111005,27/11/2024 09:30:00,On Time,,,,
111006,27/11/2024 09:30:00,On Time,,,,
111007,27/11/2024 09:30:00,On Time,,,,
111008,27/11/2024 09:30:00,On Time,,,,
111009,27/11/2024 09:30:00,On Time,,,,
111010,27/11/2024 09:30:00,On Time,,,,
111011,27/11/2024 09:30:00,On Time,,,,
111012,27/11/2024 09:30:00,On Time,,,,
111013,27/11/2024 09:30:00,On Time,,,,
111014,27/11/2024 09:30:00,On Time,,,,
111015,27/11/2024 09:30:00,On Time,,,,
111016,27/11/2024 09:30:00,On Time,,,,
111017,27/11/2024 09:30:00,On Time,,,,
111018,27/11/2024 09:30:00,On Time,,,,
111019,27/11/2024 09:30:00,On Time,,,,
111020,27/11/2024 09:30:00,On Time,,,,
111021,27/11/2024 09:30:00,On Time,,,,
111022,27/11/2024 09:30:00,On Time,,,,
111023,27/11/2024 09:30:00,On Time,,,,
111024,27/11/2024 09:30:00,On Time,,,,
111025,27/11/2024 09:30:00,On Time,,,,
111026,27/11/2024 09:30:00,On Time,,,,
111027,27/11/2024 09:30:00,On Time,,,,
111028,27/11/2024 09:30:00,On Time,,,,
111029,27/11/2024 09:30:00,On Time,,,,
111030,27/11/2024 09:30:00,On Time,,,,
112001,27/11/2024 09:30:00,On Time,,,,
112002,27/11/2024 09:30:00,On Time,,,,
112003,27/11/2024 09:30:00,On Time,,,,
112004,27/11/2024 09:30:00,On Time,,,,
112005,27/11/2024 09:30:00,On Time,,,,
112006,27/11/2024 09:30:00,On Time,,,,
112007,27/11/2024 09:30:00,On Time,,,,
112008,27/11/2024 09:30:00,On Time,,,,
112009,27/11/2024 09:30:00,On Time,,,,
112010,27/11/2024 09:30:00,On Time,,,,
112011,27/11/2024 09:30:00,On Time,,,,
112012,27/11/2024 09:30:00,On Time,,,,
112013,27/11/2024 09:30:00,On Time,,,,
112014,27/11/2024 09:30:00,On Time,,,,
112015,27/11/2024 09:30:00,On Time,,,,
112016,27/11/2024 09:30:00,On Time,,,,
112017,27/11/2024 09:30:00,On Time,,,,
112018,27/11/2024 09:30:00,On Time,,,,
112019,27/11/2024 09:30:00,On Time,,,,
112020,27/11/2024 09:30:00,On Time,,,,
112021,27/11/2024 09:30:00,On Time,,,,
112022,27/11/2024 09:30:00,On Time,,,,
112023,27/11/2024 09:30:00,On Time,,,,
112024,27/11/2024 09:30:00,On Time,,,,
112025,27/11/2024 09:30:00,On Time,,,,
112026,27/11/2024 09:30:00,On Time,,,,
112027,27/11/2024 09:30:00,On Time,,,,
112028,27/11/2024 09:30:00,On Time,,,,
112029,27/11/2024 09:30:00,On Time,,,,
112030,27/11/2024 09:30:00,On Time,,,,
121001,27/11/2024 09:30:00,On Time,,,,
121002,27/11/2024 09:30:00,On Time,,,,
121003,27/11/2024 09:30:00,On Time,,,,
121004,27/11/2024 09:30:00,On Time,,,,
121005,27/11/2024 09:30:00,On Time,,,,
121006,27/11/2024 09:30:00,On Time,,,,
121007,27/11/2024 09:30:00,On Time,,,,
121008,27/11/2024 09:30:00,On Time,,,,
121009,27/11/2024 09:30:00,On Time,,,,
121010,27/11/2024 09:30:00,On Time,,,,
121011,27/11/2024 09:30:00,On Time,,,,
121012,27/11/2024 09:30:00,On Time,,,,
121013,27/11/2024 09:30:00,On Time,,,,
121014,27/11/2024 09:30:00,On Time,,,,
121015,27/11/2024 09:30:00,On Time,,,,
121016,27/11/2024 09:30:00,On Time,,,,
121017,27/11/2024 09:30:00,On Time,,,,
121018,27/11/2024 09:30:00,On Time,,,,
121019,27/11/2024 09:30:00,On Time,,,,
121020,27/11/2024 09:30:00,On Time,,,,
121021,27/11/2024 09:30:00,On Time,,,,
121022,27/11/2024 09:30:00,On Time,,,,
121023,27/11/2024 09:30:00,On Time,,,,
121024,27/11/2024 09:30:00,On Time,,,,
121025,27/11/2024 09:30:00,On Time,,,,
121026,27/11/2024 09:30:00,On Time,,,,
121027,27/11/2024 09:30:00,On Time,,,,
121028,27/11/2024 09:30:00,On Time,,,,
121029,27/11/2024 09:30:00,On Time,,,,
121030,27/11/2024 09:30:00,On Time,,,,
122001,27/11/2024 09:30:00,On Time,,,,
122002,27/11/2024 09:30:00,On Time,,,,
122003,27/11/2024 09:30:00,On Time,,,,
122004,27/11/2024 09:30:00,On Time,,,,
122005,27/11/2024 09:30:00,On Time,,,,
122006,27/11/2024 09:30:00,On Time,,,,
122007,27/11/2024 09:30:00,On Time,,,,
122008,27/11/2024 09:30:00,On Time,,,,
122009,27/11/2024 09:30:00,On Time,,,,
122010,27/11/2024 09:30:00,On Time,,,,
122011,27/11/2024 09:30:00,On Time,,,,
122012,27/11/2024 09:30:00,On Time,,,,
122013,27/11/2024 09:30:00,On Time,,,,
122014,27/11/2024 09:30:00,On Time,,,,
122015,27/11/2024 09:30:00,On Time,,,,
122016,27/11/2024 09:30:00,On Time,,,,
122017,27/11/2024 09:30:00,On Time,,,,
122018,27/11/2024 09:30:00,On Time,,,,
122019,27/11/2024 09:30:00,On Time,,,,
122020,27/11/2024 09:30:00,On Time,,,,
122021,27/11/2024 09:30:00,On Time,,,,
122022,27/11/2024 09:30:00,On Time,,,,
122023,27/11/2024 09:30:00,On Time,,,,
122024,27/11/2024 09:30:00,On Time,,,,
122025,27/11/2024 09:30:00,On Time,,,,
122026,27/11/2024 09:30:00,On Time,,,,
122027,27/11/2024 09:30:00,On Time,,,,
122028,27/11/2024 09:30:00,On Time,,,,
122029,27/11/2024 09:30:00,On Time,,,,
122030,27/11/2024 09:30:00,On Time,,,,
111001,28/11/2024 09:30:00,On Time,,,,
111002,28/11/2024 09:30:00,On Time,,,,
111003,28/11/2024 09:30:00,On Time,,,,
111004,28/11/2024 09:30:00,On Time,,,,
111005,28/11/2024 09:30:00,On Time,,,,
111006,28/11/2024 09:30:00,On Time,,,,
111007,28/11/2024 09:30:00,On Time,,,,
111008,28/11/2024 09:30:00,On Time,,,,
111009,28/11/2024 09:30:00,On Time,,,,
111010,28/11/2024 09:30:00,On Time,,,,
111011,28/11/2024 09:30:00,On Time,,,,
111012,28/11/2024 09:30:00,On Time,,,,
111013,28/11/2024 09:30:00,On Time,,,,
111014,28/11/2024 09:30:00,On Time,,,,
111015,28/11/2024 09:30:00,On Time,,,,
111016,28/11/2024 09:30:00,On Time,,,,
111017,28/11/2024 09:30:00,On Time,,,,
111018,28/11/2024 09:30:00,On Time,,,,
111019,28/11/2024 09:30:00,On Time,,,,
111020,28/11/2024 09:30:00,On Time,,,,
111021,28/11/2024 09:30:00,On Time,,,,
111022,28/11/2024 09:30:00,On Time,,,,
111023,28/11/2024 09:30:00,On Time,,,,
111024,28/11/2024 09:30:00,On Time,,,,
111025,28/11/2024 09:30:00,On Time,,,,
111026,28/11/2024 09:30:00,On Time,,,,
111027,28/11/2024 09:30:00,On Time,,,,
111028,28/11/2024 09:30:00,On Time,,,,
111029,28/11/2024 09:30:00,On Time,,,,
111030,28/11/2024 09:30:00,On Time,,,,
112001,28/11/2024 09:30:00,On Time,,,,
112002,28/11/2024 09:30:00,On Time,,,,
112003,28/11/2024 09:30:00,On Time,,,,
112004,28/11/2024 09:30:00,On Time,,,,
112005,28/11/2024 09:30:00,On Time,,,,
112006,28/11/2024 09:30:00,On Time,,,,
112007,28/11/2024 09:30:00,On Time,,,,
112008,28/11/2024 09:30:00,On Time,,,,
112009,28/11/2024 09:30:00,On Time,,,,
112010,28/11/2024 09:30:00,On Time,,,,
112011,28/11/2024 09:30:00,On Time,,,,
112012,28/11/2024 09:30:00,On Time,,,,
112013,28/11/2024 09:30:00,On Time,,,,
112014,28/11/2024 09:30:00,On Time,,,,
112015,28/11/2024 09:30:00,On Time,,,,
112016,28/11/2024 09:30:00,On Time,,,,
112017,28/11/2024 09:30:00,On Time,,,,
112018,28/11/2024 09:30:00,On Time,,,,
112019,28/11/2024 09:30:00,On Time,,,,
112020,28/11/2024 09:30:00,On Time,,,,
112021,28/11/2024 09:30:00,On Time,,,,
112022,28/11/2024 09:30:00,On Time,,,,
112023,28/11/2024 09:30:00,On Time,,,,
112024,28/11/2024 09:30:00,On Time,,,,
112025,28/11/2024 09:30:00,On Time,,,,
112026,28/11/2024 09:30:00,On Time,,,,
112027,28/11/2024 09:30:00,On Time,,,,
112028,28/11/2024 09:30:00,On Time,,,,
112029,28/11/2024 09:30:00,On Time,,,,
112030,28/11/2024 09:30:00,On Time,,,,
121001,28/11/2024 09:30:00,On Time,,,,
121002,28/11/2024 09:30:00,On Time,,,,
121003,28/11/2024 09:30:00,On Time,,,,
121004,28/11/2024 09:30:00,On Time,,,,
121005,28/11/2024 09:30:00,On Time,,,,
121006,28/11/2024 09:30:00,On Time,,,,
121007,28/11/2024 09:30:00,On Time,,,,
121008,28/11/2024 09:30:00,On Time,,,,
121009,28/11/2024 09:30:00,On Time,,,,
121010,28/11/2024 09:30:00,On Time,,,,
121011,28/11/2024 09:30:00,On Time,,,,
121012,28/11/2024 09:30:00,On Time,,,,
121013,28/11/2024 09:30:00,On Time,,,,
121014,28/11/2024 09:30:00,On Time,,,,
121015,28/11/2024 09:30:00,On Time,,,,
121016,28/11/2024 09:30:00,On Time,,,,
121017,28/11/2024 09:30:00,On Time,,,,
121018,28/11/2024 09:30:00,On Time,,,,
121019,28/11/2024 09:30:00,On Time,,,,
121020,28/11/2024 09:30:00,On Time,,,,
121021,28/11/2024 09:30:00,On Time,,,,
121022,28/11/2024 09:30:00,On Time,,,,
121023,28/11/2024 09:30:00,On Time,,,,
121024,28/11/2024 09:30:00,On Time,,,,
121025,28/11/2024 09:30:00,On Time,,,,
121026,28/11/2024 09:30:00,On Time,,,,
121027,28/11/2024 09:30:00,On Time,,,,
121028,28/11/2024 09:30:00,On Time,,,,
121029,28/11/2024 09:30:00,On Time,,,,
121030,28/11/2024 09:30:00,On Time,,,,
122001,28/11/2024 09:30:00,On Time,,,,
122002,28/11/2024 09:30:00,On Time,,,,
122003,28/11/2024 09:30:00,On Time,,,,
122004,28/11/2024 09:30:00,On Time,,,,
122005,28/11/2024 09:30:00,On Time,,,,
122006,28/11/2024 09:30:00,On Time,,,,
122007,28/11/2024 09:30:00,On Time,,,,
122008,28/11/2024 09:30:00,On Time,,,,
122009,28/11/2024 09:30:00,On Time,,,,
122010,28/11/2024 09:30:00,On Time,,,,
122011,28/11/2024 09:30:00,On Time,,,,
122012,28/11/2024 09:30:00,On Time,,,,
122013,28/11/2024 09:30:00,On Time,,,,
122014,28/11/2024 09:30:00,On Time,,,,
122015,28/11/2024 09:30:00,On Time,,,,
122016,28/11/2024 09:30:00,On Time,,,,
122017,28/11/2024 09:30:00,On Time,,,,
122018,28/11/2024 09:30:00,On Time,,,,
122019,28/11/2024 09:30:00,On Time,,,,
122020,28/11/2024 09:30:00,On Time,,,,
122021,28/11/2024 09:30:00,On Time,,,,
122022,28/11/2024 09:30:00,On Time,,,,
122023,28/11/2024 09:30:00,On Time,,,,
122024,28/11/2024 09:30:00,On Time,,,,
122025,28/11/2024 09:30:00,On Time,,,,
122026,28/11/2024 09:30:00,On Time,,,,
122027,28/11/2024 09:30:00,On Time,,,,
122028,28/11/2024 09:30:00,On Time,,,,
122029,28/11/2024 09:30:00,On Time,,,,
122030,28/11/2024 09:30:00,On Time,,,,
111001,29/11/2024 09:30:00,On Time,,,,
111002,29/11/2024 09:30:00,On Time,,,,
111003,29/11/2024 09:30:00,On Time,,,,
111004,29/11/2024 09:30:00,On Time,,,,
111005,29/11/2024 09:30:00,On Time,,,,
111006,29/11/2024 09:30:00,On Time,,,,
111007,29/11/2024 09:30:00,On Time,,,,
111008,29/11/2024 09:30:00,On Time,,,,
111009,29/11/2024 09:30:00,On Time,,,,
111010,29/11/2024 09:30:00,On Time,,,,
111011,29/11/2024 09:30:00,On Time,,,,
111012,29/11/2024 09:30:00,On Time,,,,
111013,29/11/2024 09:30:00,On Time,,,,
111014,29/11/2024 09:30:00,On Time,,,,
111015,29/11/2024 09:30:00,On Time,,,,
111016,29/11/2024 09:30:00,On Time,,,,
111017,29/11/2024 09:30:00,On Time,,,,
111018,29/11/2024 09:30:00,On Time,,,,
111019,29/11/2024 09:30:00,On Time,,,,
111020,29/11/2024 09:30:00,On Time,,,,
111021,29/11/2024 09:30:00,On Time,,,,
111022,29/11/2024 09:30:00,On Time,,,,
111023,29/11/2024 09:30:00,On Time,,,,
111024,29/11/2024 09:30:00,On Time,,,,
111025,29/11/2024 09:30:00,On Time,,,,
111026,29/11/2024 09:30:00,On Time,,,,
111027,29/11/2024 09:30:00,On Time,,,,
111028,29/11/2024 09:30:00,On Time,,,,
111029,29/11/2024 09:30:00,On Time,,,,
111030,29/11/2024 09:30:00,On Time,,,,
112001,29/11/2024 09:30:00,On Time,,,,
112002,29/11/2024 09:30:00,On Time,,,,
112003,29/11/2024 09:30:00,On Time,,,,
112004,29/11/2024 09:30:00,On Time,,,,
112005,29/11/2024 09:30:00,On Time,,,,
112006,29/11/2024 09:30:00,On Time,,,,
112007,29/11/2024 09:30:00,On Time,,,,
112008,29/11/2024 09:30:00,On Time,,,,
112009,29/11/2024 09:30:00,On Time,,,,
112010,29/11/2024 09:30:00,On Time,,,,
112011,29/11/2024 09:30:00,On Time,,,,
112012,29/11/2024 09:30:00,On Time,,,,
112013,29/11/2024 09:30:00,On Time,,,,
112014,29/11/2024 09:30:00,On Time,,,,
112015,29/11/2024 09:30:00,On Time,,,,
112016,29/11/2024 09:30:00,On Time,,,,
112017,29/11/2024 09:30:00,On Time,,,,
112018,29/11/2024 09:30:00,On Time,,,,
112019,29/11/2024 09:30:00,On Time,,,,
112020,29/11/2024 09:30:00,On Time,,,,
112021,29/11/2024 09:30:00,On Time,,,,
112022,29/11/2024 09:30:00,On Time,,,,
112023,29/11/2024 09:30:00,On Time,,,,
112024,29/11/2024 09:30:00,On Time,,,,
112025,29/11/2024 09:30:00,On Time,,,,
112026,29/11/2024 09:30:00,On Time,,,,
112027,29/11/2024 09:30:00,On Time,,,,
112028,29/11/2024 09:30:00,On Time,,,,
112029,29/11/2024 09:30:00,On Time,,,,
112030,29/11/2024 09:30:00,On Time,,,,
121001,29/11/2024 09:30:00,On Time,,,,
121002,29/11/2024 09:30:00,On Time,,,,
121003,29/11/2024 09:30:00,On Time,,,,
121004,29/11/2024 09:30:00,On Time,,,,
121005,29/11/2024 09:30:00,On Time,,,,
121006,29/11/2024 09:30:00,On Time,,,,
121007,29/11/2024 09:30:00,On Time,,,,
121008,29/11/2024 09:30:00,On Time,,,,
121009,29/11/2024 09:30:00,On Time,,,,
121010,29/11/2024 09:30:00,On Time,,,,
121011,29/11/2024 09:30:00,On Time,,,,
121012,29/11/2024 09:30:00,On Time,,,,
121013,29/11/2024 09:30:00,On Time,,,,
121014,29/11/2024 09:30:00,On Time,,,,
121015,29/11/2024 09:30:00,On Time,,,,
121016,29/11/2024 09:30:00,On Time,,,,
121017,29/11/2024 09:30:00,On Time,,,,
121018,29/11/2024 09:30:00,On Time,,,,
121019,29/11/2024 09:30:00,On Time,,,,
121020,29/11/2024 09:30:00,On Time,,,,
121021,29/11/2024 09:30:00,On Time,,,,
121022,29/11/2024 09:30:00,On Time,,,,
121023,29/11/2024 09:30:00,On Time,,,,
121024,29/11/2024 09:30:00,On Time,,,,
121025,29/11/2024 09:30:00,On Time,,,,
121026,29/11/2024 09:30:00,On Time,,,,
121027,29/11/2024 09:30:00,On Time,,,,
121028,29/11/2024 09:30:00,On Time,,,,
121029,29/11/2024 09:30:00,On Time,,,,
121030,29/11/2024 09:30:00,On Time,,,,
122001,29/11/2024 09:30:00,On Time,,,,
122002,29/11/2024 09:30:00,On Time,,,,
122003,29/11/2024 09:30:00,On Time,,,,
122004,29/11/2024 09:30:00,On Time,,,,
122005,29/11/2024 09:30:00,On Time,,,,
122006,29/11/2024 09:30:00,On Time,,,,
122007,29/11/2024 09:30:00,On Time,,,,
122008,29/11/2024 09:30:00,On Time,,,,
122009,29/11/2024 09:30:00,On Time,,,,
122010,29/11/2024 09:30:00,On Time,,,,
122011,29/11/2024 09:30:00,On Time,,,,
122012,29/11/2024 09:30:00,On Time,,,,
122013,29/11/2024 09:30:00,On Time,,,,
122014,29/11/2024 09:30:00,On Time,,,,
122015,29/11/2024 09:30:00,On Time,,,,
122016,29/11/2024 09:30:00,On Time,,,,
122017,29/11/2024 09:30:00,On Time,,,,
122018,29/11/2024 09:30:00,On Time,,,,
122019,29/11/2024 09:30:00,On Time,,,,
122020,29/11/2024 09:30:00,On Time,,,,
122021,29/11/2024 09:30:00,On Time,,,,
122022,29/11/2024 09:30:00,On Time,,,,
122023,29/11/2024 09:30:00,On Time,,,,
122024,29/11/2024 09:30:00,On Time,,,,
122025,29/11/2024 09:30:00,On Time,,,,
122026,29/11/2024 09:30:00,On Time,,,,
122027,29/11/2024 09:30:00,On Time,,,,
122028,29/11/2024 09:30:00,On Time,,,,
122029,29/11/2024 09:30:00,On Time,,,,
122030,29/11/2024 09:30:00,On Time,,,,
111001,30/11/2024 09:30:00,On Time,,,,
111002,30/11/2024 09:30:00,On Time,,,,
111003,30/11/2024 09:30:00,On Time,,,,
111004,30/11/2024 09:30:00,On Time,,,,
111005,30/11/2024 09:30:00,On Time,,,,
111006,30/11/2024 09:30:00,On Time,,,,
111007,30/11/2024 09:30:00,On Time,,,,
111008,30/11/2024 09:30:00,On Time,,,,
111009,30/11/2024 09:30:00,On Time,,,,
111010,30/11/2024 09:30:00,On Time,,,,
111011,30/11/2024 09:30:00,On Time,,,,
111012,30/11/2024 09:30:00,On Time,,,,
111013,30/11/2024 09:30:00,On Time,,,,
111014,30/11/2024 09:30:00,On Time,,,,
111015,30/11/2024 09:30:00,On Time,,,,
111016,30/11/2024 09:30:00,On Time,,,,
111017,30/11/2024 09:30:00,On Time,,,,
111018,30/11/2024 09:30:00,On Time,,,,
111019,30/11/2024 09:30:00,On Time,,,,
111020,30/11/2024 09:30:00,On Time,,,,
111021,30/11/2024 09:30:00,On Time,,,,
111022,30/11/2024 09:30:00,On Time,,,,
111023,30/11/2024 09:30:00,On Time,,,,
111024,30/11/2024 09:30:00,On Time,,,,
111025,30/11/2024 09:30:00,On Time,,,,
111026,30/11/2024 09:30:00,On Time,,,,
111027,30/11/2024 09:30:00,On Time,,,,
111028,30/11/2024 09:30:00,On Time,,,,
111029,30/11/2024 09:30:00,On Time,,,,
111030,30/11/2024 09:30:00,On Time,,,,
112001,30/11/2024 09:30:00,On Time,,,,
112002,30/11/2024 09:30:00,On Time,,,,
112003,30/11/2024 09:30:00,On Time,,,,
112004,30/11/2024 09:30:00,On Time,,,,
112005,30/11/2024 09:30:00,On Time,,,,
112006,30/11/2024 09:30:00,On Time,,,,
112007,30/11/2024 09:30:00,On Time,,,,
112008,30/11/2024 09:30:00,On Time,,,,
112009,30/11/2024 09:30:00,On Time,,,,
112010,30/11/2024 09:30:00,On Time,,,,
112011,30/11/2024 09:30:00,On Time,,,,
112012,30/11/2024 09:30:00,On Time,,,,
112013,30/11/2024 09:30:00,On Time,,,,
112014,30/11/2024 09:30:00,On Time,,,,
112015,30/11/2024 09:30:00,On Time,,,,
112016,30/11/2024 09:30:00,On Time,,,,
112017,30/11/2024 09:30:00,On Time,,,,
112018,30/11/2024 09:30:00,On Time,,,,
112019,30/11/2024 09:30:00,On Time,,,,
112020,30/11/2024 09:30:00,On Time,,,,
112021,30/11/2024 09:30:00,On Time,,,,
112022,30/11/2024 09:30:00,On Time,,,,
112023,30/11/2024 09:30:00,On Time,,,,
112024,30/11/2024 09:30:00,On Time,,,,
112025,30/11/2024 09:30:00,On Time,,,,
112026,30/11/2024 09:30:00,On Time,,,,
112027,30/11/2024 09:30:00,On Time,,,,
112028,30/11/2024 09:30:00,On Time,,,,
112029,30/11/2024 09:30:00,On Time,,,,
112030,30/11/2024 09:30:00,On Time,,,,
121001,30/11/2024 09:30:00,On Time,,,,
121002,30/11/2024 09:30:00,On Time,,,,
121003,30/11/2024 09:30:00,On Time,,,,
121004,30/11/2024 09:30:00,On Time,,,,
121005,30/11/2024 09:30:00,On Time,,,,
121006,30/11/2024 09:30:00,On Time,,,,
121007,30/11/2024 09:30:00,On Time,,,,
121008,30/11/2024 09:30:00,On Time,,,,
121009,30/11/2024 09:30:00,On Time,,,,
121010,30/11/2024 09:30:00,On Time,,,,
121011,30/11/2024 09:30:00,On Time,,,,
121012,30/11/2024 09:30:00,On Time,,,,
121013,30/11/2024 09:30:00,On Time,,,,
121014,30/11/2024 09:30:00,On Time,,,,
121015,30/11/2024 09:30:00,On Time,,,,
121016,30/11/2024 09:30:00,On Time,,,,
121017,30/11/2024 09:30:00,On Time,,,,
121018,30/11/2024 09:30:00,On Time,,,,
121019,30/11/2024 09:30:00,On Time,,,,
121020,30/11/2024 09:30:00,On Time,,,,
121021,30/11/2024 09:30:00,On Time,,,,
121022,30/11/2024 09:30:00,On Time,,,,
121023,30/11/2024 09:30:00,On Time,,,,
121024,30/11/2024 09:30:00,On Time,,,,
121025,30/11/2024 09:30:00,On Time,,,,
121026,30/11/2024 09:30:00,On Time,,,,
121027,30/11/2024 09:30:00,On Time,,,,
121028,30/11/2024 09:30:00,On Time,,,,
121029,30/11/2024 09:30:00,On Time,,,,
121030,30/11/2024 09:30:00,On Time,,,,
122001,30/11/2024 09:30:00,On Time,,,,
122002,30/11/2024 09:30:00,On Time,,,,
122003,30/11/2024 09:30:00,On Time,,,,
122004,30/11/2024 09:30:00,On Time,,,,
122005,30/11/2024 09:30:00,On Time,,,,
122006,30/11/2024 09:30:00,On Time,,,,
122007,30/11/2024 09:30:00,On Time,,,,
122008,30/11/2024 09:30:00,On Time,,,,
122009,30/11/2024 09:30:00,On Time,,,,
122010,30/11/2024 09:30:00,On Time,,,,
122011,30/11/2024 09:30:00,On Time,,,,
122012,30/11/2024 09:30:00,On Time,,,,
122013,30/11/2024 09:30:00,On Time,,,,
122014,30/11/2024 09:30:00,On Time,,,,
122015,30/11/2024 09:30:00,On Time,,,,
122016,30/11/2024 09:30:00,On Time,,,,
122017,30/11/2024 09:30:00,On Time,,,,
122018,30/11/2024 09:30:00,On Time,,,,
122019,30/11/2024 09:30:00,On Time,,,,
122020,30/11/2024 09:30:00,On Time,,,,
122021,30/11/2024 09:30:00,On Time,,,,
122022,30/11/2024 09:30:00,On Time,,,,
122023,30/11/2024 09:30:00,On Time,,,,
122024,30/11/2024 09:30:00,On Time,,,,
122025,30/11/2024 09:30:00,On Time,,,,
122026,30/11/2024 09:30:00,On Time,,,,
122027,30/11/2024 09:30:00,On Time,,,,
122028,30/11/2024 09:30:00,On Time,,,,
122029,30/11/2024 09:30:00,On Time,,,,
122030,30/11/2024 09:30:00,On Time,,,,
111001,01/12/2024 09:30:00,On Time,,,,
111002,01/12/2024 09:30:00,On Time,,,,
111003,01/12/2024 09:30:00,On Time,,,,
111004,01/12/2024 09:30:00,On Time,,,,
111005,01/12/2024 09:30:00,On Time,,,,
111006,01/12/2024 09:30:00,On Time,,,,
111007,01/12/2024 09:30:00,On Time,,,,
111008,01/12/2024 09:30:00,On Time,,,,
111009,01/12/2024 09:30:00,On Time,,,,
111010,01/12/2024 09:30:00,On Time,,,,
111011,01/12/2024 09:30:00,On Time,,,,
111012,01/12/2024 09:30:00,On Time,,,,
111013,01/12/2024 09:30:00,On Time,,,,
111014,01/12/2024 09:30:00,On Time,,,,
111015,01/12/2024 09:30:00,On Time,,,,
111016,01/12/2024 09:30:00,On Time,,,,
111017,01/12/2024 09:30:00,On Time,,,,
111018,01/12/2024 09:30:00,On Time,,,,
111019,01/12/2024 09:30:00,On Time,,,,
111020,01/12/2024 09:30:00,On Time,,,,
111021,01/12/2024 09:30:00,On Time,,,,
111022,01/12/2024 09:30:00,On Time,,,,
111023,01/12/2024 09:30:00,On Time,,,,
111024,01/12/2024 09:30:00,On Time,,,,
111025,01/12/2024 09:30:00,On Time,,,,
111026,01/12/2024 09:30:00,On Time,,,,
111027,01/12/2024 09:30:00,On Time,,,,
111028,01/12/2024 09:30:00,On Time,,,,
111029,01/12/2024 09:30:00,On Time,,,,
111030,01/12/2024 09:30:00,On Time,,,,
112001,01/12/2024 09:30:00,On Time,,,,
112002,01/12/2024 09:30:00,On Time,,,,
112003,01/12/2024 09:30:00,On Time,,,,
112004,01/12/2024 09:30:00,On Time,,,,
112005,01/12/2024 09:30:00,On Time,,,,
112006,01/12/2024 09:30:00,On Time,,,,
112007,01/12/2024 09:30:00,On Time,,,,
112008,01/12/2024 09:30:00,On Time,,,,
112009,01/12/2024 09:30:00,On Time,,,,
112010,01/12/2024 09:30:00,On Time,,,,
112011,01/12/2024 09:30:00,On Time,,,,
112012,01/12/2024 09:30:00,On Time,,,,
112013,01/12/2024 09:30:00,On Time,,,,
112014,01/12/2024 09:30:00,On Time,,,,
112015,01/12/2024 09:30:00,On Time,,,,
112016,01/12/2024 09:30:00,On Time,,,,
112017,01/12/2024 09:30:00,On Time,,,,
112018,01/12/2024 09:30:00,On Time,,,,
112019,01/12/2024 09:30:00,On Time,,,,
112020,01/12/2024 09:30:00,On Time,,,,
112021,01/12/2024 09:30:00,On Time,,,,
112022,01/12/2024 09:30:00,On Time,,,,
112023,01/12/2024 09:30:00,On Time,,,,
112024,01/12/2024 09:30:00,On Time,,,,
112025,01/12/2024 09:30:00,On Time,,,,
112026,01/12/2024 09:30:00,On Time,,,,
112027,01/12/2024 09:30:00,On Time,,,,
112028,01/12/2024 09:30:00,On Time,,,,
112029,01/12/2024 09:30:00,On Time,,,,
112030,01/12/2024 09:30:00,On Time,,,,
121001,01/12/2024 09:30:00,On Time,,,,
121002,01/12/2024 09:30:00,On Time,,,,
121003,01/12/2024 09:30:00,On Time,,,,
121004,01/12/2024 09:30:00,On Time,,,,
121005,01/12/2024 09:30:00,On Time,,,,
121006,01/12/2024 09:30:00,On Time,,,,
121007,01/12/2024 09:30:00,On Time,,,,
121008,01/12/2024 09:30:00,On Time,,,,
121009,01/12/2024 09:30:00,On Time,,,,
121010,01/12/2024 09:30:00,On Time,,,,
121011,01/12/2024 09:30:00,On Time,,,,
121012,01/12/2024 09:30:00,On Time,,,,
121013,01/12/2024 09:30:00,On Time,,,,
121014,01/12/2024 09:30:00,On Time,,,,
121015,01/12/2024 09:30:00,On Time,,,,
121016,01/12/2024 09:30:00,On Time,,,,
121017,01/12/2024 09:30:00,On Time,,,,
121018,01/12/2024 09:30:00,On Time,,,,
121019,01/12/2024 09:30:00,On Time,,,,
121020,01/12/2024 09:30:00,On Time,,,,
121021,01/12/2024 09:30:00,On Time,,,,
121022,01/12/2024 09:30:00,On Time,,,,
121023,01/12/2024 09:30:00,On Time,,,,
121024,01/12/2024 09:30:00,On Time,,,,
121025,01/12/2024 09:30:00,On Time,,,,
121026,01/12/2024 09:30:00,On Time,,,,
121027,01/12/2024 09:30:00,On Time,,,,
121028,01/12/2024 09:30:00,On Time,,,,
121029,01/12/2024 09:30:00,On Time,,,,
121030,01/12/2024 09:30:00,On Time,,,,
122001,01/12/2024 09:30:00,On Time,,,,
122002,01/12/2024 09:30:00,On Time,,,,
122003,01/12/2024 09:30:00,On Time,,,,
122004,01/12/2024 09:30:00,On Time,,,,
122005,01/12/2024 09:30:00,On Time,,,,
122006,01/12/2024 09:30:00,On Time,,,,
122007,01/12/2024 09:30:00,On Time,,,,
122008,01/12/2024 09:30:00,On Time,,,,
122009,01/12/2024 09:30:00,On Time,,,,
122010,01/12/2024 09:30:00,On Time,,,,
122011,01/12/2024 09:30:00,On Time,,,,
122012,01/12/2024 09:30:00,On Time,,,,
122013,01/12/2024 09:30:00,On Time,,,,
122014,01/12/2024 09:30:00,On Time,,,,
122015,01/12/2024 09:30:00,On Time,,,,
122016,01/12/2024 09:30:00,On Time,,,,
122017,01/12/2024 09:30:00,On Time,,,,
122018,01/12/2024 09:30:00,On Time,,,,
122019,01/12/2024 09:30:00,On Time,,,,
122020,01/12/2024 09:30:00,On Time,,,,
122021,01/12/2024 09:30:00,On Time,,,,
122022,01/12/2024 09:30:00,On Time,,,,
122023,01/12/2024 09:30:00,On Time,,,,
122024,01/12/2024 09:30:00,On Time,,,,
122025,01/12/2024 09:30:00,On Time,,,,
122026,01/12/2024 09:30:00,On Time,,,,
122027,01/12/2024 09:30:00,On Time,,,,
122028,01/12/2024 09:30:00,On Time,,,,
122029,01/12/2024 09:30:00,On Time,,,,
122030,01/12/2024 09:30:00,On Time,,,,
111001,02/12/2024 09:30:00,On Time,,,,
111002,02/12/2024 09:30:00,On Time,,,,
111003,02/12/2024 09:30:00,On Time,,,,
111004,02/12/2024 09:30:00,On Time,,,,
111005,02/12/2024 09:30:00,On Time,,,,
111006,02/12/2024 09:30:00,On Time,,,,
111007,02/12/2024 09:30:00,On Time,,,,
111008,02/12/2024 09:30:00,On Time,,,,
111009,02/12/2024 09:30:00,On Time,,,,
111010,02/12/2024 09:30:00,On Time,,,,
111011,02/12/2024 09:30:00,On Time,,,,
111012,02/12/2024 09:30:00,On Time,,,,
111013,02/12/2024 09:30:00,On Time,,,,
111014,02/12/2024 09:30:00,On Time,,,,
111015,02/12/2024 09:30:00,On Time,,,,
111016,02/12/2024 09:30:00,On Time,,,,
111017,02/12/2024 09:30:00,On Time,,,,
111018,02/12/2024 09:30:00,On Time,,,,
111019,02/12/2024 09:30:00,On Time,,,,
111020,02/12/2024 09:30:00,On Time,,,,
111021,02/12/2024 09:30:00,On Time,,,,
111022,02/12/2024 09:30:00,On Time,,,,
111023,02/12/2024 09:30:00,On Time,,,,
111024,02/12/2024 09:30:00,On Time,,,,
111025,02/12/2024 09:30:00,On Time,,,,
111026,02/12/2024 09:30:00,On Time,,,,
111027,02/12/2024 09:30:00,On Time,,,,
111028,02/12/2024 09:30:00,On Time,,,,
111029,02/12/2024 09:30:00,On Time,,,,
111030,02/12/2024 09:30:00,On Time,,,,
112001,02/12/2024 09:30:00,On Time,,,,
112002,02/12/2024 09:30:00,On Time,,,,
112003,02/12/2024 09:30:00,On Time,,,,
112004,02/12/2024 09:30:00,On Time,,,,
112005,02/12/2024 09:30:00,On Time,,,,
112006,02/12/2024 09:30:00,On Time,,,,
112007,02/12/2024 09:30:00,On Time,,,,
112008,02/12/2024 09:30:00,On Time,,,,
112009,02/12/2024 09:30:00,On Time,,,,
112010,02/12/2024 09:30:00,On Time,,,,
112011,02/12/2024 09:30:00,On Time,,,,
112012,02/12/2024 09:30:00,On Time,,,,
112013,02/12/2024 09:30:00,On Time,,,,
112014,02/12/2024 09:30:00,On Time,,,,
112015,02/12/2024 09:30:00,On Time,,,,
112016,02/12/2024 09:30:00,On Time,,,,
112017,02/12/2024 09:30:00,On Time,,,,
112018,02/12/2024 09:30:00,On Time,,,,
112019,02/12/2024 09:30:00,On Time,,,,
112020,02/12/2024 09:30:00,On Time,,,,
112021,02/12/2024 09:30:00,On Time,,,,
112022,02/12/2024 09:30:00,On Time,,,,
112023,02/12/2024 09:30:00,On Time,,,,
112024,02/12/2024 09:30:00,On Time,,,,
112025,02/12/2024 09:30:00,On Time,,,,
112026,02/12/2024 09:30:00,On Time,,,,
112027,02/12/2024 09:30:00,On Time,,,,
112028,02/12/2024 09:30:00,On Time,,,,
112029,02/12/2024 09:30:00,On Time,,,,
112030,02/12/2024 09:30:00,On Time,,,,
121001,02/12/2024 09:30:00,On Time,,,,
121002,02/12/2024 09:30:00,On Time,,,,
121003,02/12/2024 09:30:00,On Time,,,,
121004,02/12/2024 09:30:00,On Time,,,,
121005,02/12/2024 09:30:00,On Time,,,,
121006,02/12/2024 09:30:00,On Time,,,,
121007,02/12/2024 09:30:00,On Time,,,,
121008,02/12/2024 09:30:00,On Time,,,,
121009,02/12/2024 09:30:00,On Time,,,,
121010,02/12/2024 09:30:00,On Time,,,,
121011,02/12/2024 09:30:00,On Time,,,,
121012,02/12/2024 09:30:00,On Time,,,,
121013,02/12/2024 09:30:00,On Time,,,,
121014,02/12/2024 09:30:00,On Time,,,,
121015,02/12/2024 09:30:00,On Time,,,,
121016,02/12/2024 09:30:00,On Time,,,,
121017,02/12/2024 09:30:00,On Time,,,,
121018,02/12/2024 09:30:00,On Time,,,,
121019,02/12/2024 09:30:00,On Time,,,,
121020,02/12/2024 09:30:00,On Time,,,,
121021,02/12/2024 09:30:00,On Time,,,,
121022,02/12/2024 09:30:00,On Time,,,,
121023,02/12/2024 09:30:00,On Time,,,,
121024,02/12/2024 09:30:00,On Time,,,,
121025,02/12/2024 09:30:00,On Time,,,,
121026,02/12/2024 09:30:00,On Time,,,,
121027,02/12/2024 09:30:00,On Time,,,,
121028,02/12/2024 09:30:00,On Time,,,,
121029,02/12/2024 09:30:00,On Time,,,,
121030,02/12/2024 09:30:00,On Time,,,,
122001,02/12/2024 09:30:00,On Time,,,,
122002,02/12/2024 09:30:00,On Time,,,,
122003,02/12/2024 09:30:00,On Time,,,,
122004,02/12/2024 09:30:00,On Time,,,,
122005,02/12/2024 09:30:00,On Time,,,,
122006,02/12/2024 09:30:00,On Time,,,,
122007,02/12/2024 09:30:00,On Time,,,,
122008,02/12/2024 09:30:00,On Time,,,,
122009,02/12/2024 09:30:00,On Time,,,,
122010,02/12/2024 09:30:00,On Time,,,,
122011,02/12/2024 09:30:00,On Time,,,,
122012,02/12/2024 09:30:00,On Time,,,,
122013,02/12/2024 09:30:00,On Time,,,,
122014,02/12/2024 09:30:00,On Time,,,,
122015,02/12/2024 09:30:00,On Time,,,,
122016,02/12/2024 09:30:00,On Time,,,,
122017,02/12/2024 09:30:00,On Time,,,,
122018,02/12/2024 09:30:00,On Time,,,,
122019,02/12/2024 09:30:00,On Time,,,,
122020,02/12/2024 09:30:00,On Time,,,,
122021,02/12/2024 09:30:00,On Time,,,,
122022,02/12/2024 09:30:00,On Time,,,,
122023,02/12/2024 09:30:00,On Time,,,,
122024,02/12/2024 09:30:00,On Time,,,,
122025,02/12/2024 09:30:00,On Time,,,,
122026,02/12/2024 09:30:00,On Time,,,,
122027,02/12/2024 09:30:00,On Time,,,,
122028,02/12/2024 09:30:00,On Time,,,,
122029,02/12/2024 09:30:00,On Time,,,,
122030,02/12/2024 09:30:00,On Time,,,,
111001,03/12/2024 09:30:00,On Time,,,,
111002,03/12/2024 09:30:00,On Time,,,,
111003,03/12/2024 09:30:00,On Time,,,,
111004,03/12/2024 09:30:00,On Time,,,,
111005,03/12/2024 09:30:00,On Time,,,,
111006,03/12/2024 09:30:00,On Time,,,,
111007,03/12/2024 09:30:00,On Time,,,,
111008,03/12/2024 09:30:00,On Time,,,,
111009,03/12/2024 09:30:00,On Time,,,,
111010,03/12/2024 09:30:00,On Time,,,,
111011,03/12/2024 09:30:00,On Time,,,,
111012,03/12/2024 09:30:00,On Time,,,,
111013,03/12/2024 09:30:00,On Time,,,,
111014,03/12/2024 09:30:00,On Time,,,,
111015,03/12/2024 09:30:00,On Time,,,,
111016,03/12/2024 09:30:00,On Time,,,,
111017,03/12/2024 09:30:00,On Time,,,,
111018,03/12/2024 09:30:00,On Time,,,,
111019,03/12/2024 09:30:00,On Time,,,,
111020,03/12/2024 09:30:00,On Time,,,,
111021,03/12/2024 09:30:00,On Time,,,,
111022,03/12/2024 09:30:00,On Time,,,,
111023,03/12/2024 09:30:00,On Time,,,,
111024,03/12/2024 09:30:00,On Time,,,,
111025,03/12/2024 09:30:00,On Time,,,,
111026,03/12/2024 09:30:00,On Time,,,,
111027,03/12/2024 09:30:00,On Time,,,,
111028,03/12/2024 09:30:00,On Time,,,,
111029,03/12/2024 09:30:00,On Time,,,,
111030,03/12/2024 09:30:00,On Time,,,,
112001,03/12/2024 09:30:00,On Time,,,,
112002,03/12/2024 09:30:00,On Time,,,,
112003,03/12/2024 09:30:00,On Time,,,,
112004,03/12/2024 09:30:00,On Time,,,,
112005,03/12/2024 09:30:00,On Time,,,,
112006,03/12/2024 09:30:00,On Time,,,,
112007,03/12/2024 09:30:00,On Time,,,,
112008,03/12/2024 09:30:00,On Time,,,,
112009,03/12/2024 09:30:00,On Time,,,,
112010,03/12/2024 09:30:00,On Time,,,,
112011,03/12/2024 09:30:00,On Time,,,,
112012,03/12/2024 09:30:00,On Time,,,,
112013,03/12/2024 09:30:00,On Time,,,,
112014,03/12/2024 09:30:00,On Time,,,,
112015,03/12/2024 09:30:00,On Time,,,,
112016,03/12/2024 09:30:00,On Time,,,,
112017,03/12/2024 09:30:00,On Time,,,,
112018,03/12/2024 09:30:00,On Time,,,,
112019,03/12/2024 09:30:00,On Time,,,,
112020,03/12/2024 09:30:00,On Time,,,,
112021,03/12/2024 09:30:00,On Time,,,,
112022,03/12/2024 09:30:00,On Time,,,,
112023,03/12/2024 09:30:00,On Time,,,,
112024,03/12/2024 09:30:00,On Time,,,,
112025,03/12/2024 09:30:00,On Time,,,,
112026,03/12/2024 09:30:00,On Time,,,,
112027,03/12/2024 09:30:00,On Time,,,,
112028,03/12/2024 09:30:00,On Time,,,,
112029,03/12/2024 09:30:00,On Time,,,,
112030,03/12/2024 09:30:00,On Time,,,,
121001,03/12/2024 09:30:00,On Time,,,,
121002,03/12/2024 09:30:00,On Time,,,,
121003,03/12/2024 09:30:00,On Time,,,,
121004,03/12/2024 09:30:00,On Time,,,,
121005,03/12/2024 09:30:00,On Time,,,,
121006,03/12/2024 09:30:00,On Time,,,,
121007,03/12/2024 09:30:00,On Time,,,,
121008,03/12/2024 09:30:00,On Time,,,,
121009,03/12/2024 09:30:00,On Time,,,,
121010,03/12/2024 09:30:00,On Time,,,,
121011,03/12/2024 09:30:00,On Time,,,,
121012,03/12/2024 09:30:00,On Time,,,,
121013,03/12/2024 09:30:00,On Time,,,,
121014,03/12/2024 09:30:00,On Time,,,,
121015,03/12/2024 09:30:00,On Time,,,,
121016,03/12/2024 09:30:00,On Time,,,,
121017,03/12/2024 09:30:00,On Time,,,,
121018,03/12/2024 09:30:00,On Time,,,,
121019,03/12/2024 09:30:00,On Time,,,,
121020,03/12/2024 09:30:00,On Time,,,,
121021,03/12/2024 09:30:00,On Time,,,,
121022,03/12/2024 09:30:00,On Time,,,,
121023,03/12/2024 09:30:00,On Time,,,,
121024,03/12/2024 09:30:00,On Time,,,,
121025,03/12/2024 09:30:00,On Time,,,,
121026,03/12/2024 09:30:00,On Time,,,,
121027,03/12/2024 09:30:00,On Time,,,,
121028,03/12/2024 09:30:00,On Time,,,,
121029,03/12/2024 09:30:00,On Time,,,,
121030,03/12/2024 09:30:00,On Time,,,,
122001,03/12/2024 09:30:00,On Time,,,,
122002,03/12/2024 09:30:00,On Time,,,,
122003,03/12/2024 09:30:00,On Time,,,,
122004,03/12/2024 09:30:00,On Time,,,,
122005,03/12/2024 09:30:00,On Time,,,,
122006,03/12/2024 09:30:00,On Time,,,,
122007,03/12/2024 09:30:00,On Time,,,,
122008,03/12/2024 09:30:00,On Time,,,,
122009,03/12/2024 09:30:00,On Time,,,,
122010,03/12/2024 09:30:00,On Time,,,,
122011,03/12/2024 09:30:00,On Time,,,,
122012,03/12/2024 09:30:00,On Time,,,,
122013,03/12/2024 09:30:00,On Time,,,,
122014,03/12/2024 09:30:00,On Time,,,,
122015,03/12/2024 09:30:00,On Time,,,,
122016,03/12/2024 09:30:00,On Time,,,,
122017,03/12/2024 09:30:00,On Time,,,,
122018,03/12/2024 09:30:00,On Time,,,,
122019,03/12/2024 09:30:00,On Time,,,,
122020,03/12/2024 09:30:00,On Time,,,,
122021,03/12/2024 09:30:00,On Time,,,,
122022,03/12/2024 09:30:00,On Time,,,,
122023,03/12/2024 09:30:00,On Time,,,,
122024,03/12/2024 09:30:00,On Time,,,,
122025,03/12/2024 09:30:00,On Time,,,,
122026,03/12/2024 09:30:00,On Time,,,,
122027,03/12/2024 09:30:00,On Time,,,,
122028,03/12/2024 09:30:00,On Time,,,,
122029,03/12/2024 09:30:00,On Time,,,,
122030,03/12/2024 09:30:00,On Time,,,,
