user_name,password
111001,Aarav123#  
111002,Ananya456@  
111003,Ishaan789$  
111004,Diya321#  
111005,Aditya654@  
111006,Kavya987$  
111007,Arjun123#  
111008,Saanvi456@  
111009,Rohan789$  
111010,Aditi321#  
111011,Vedant654@  
111012,Meera987$  
111013,Vihaan123#  
111014,Nisha456@  
111015,Karthik789$  
111016,Anika321#  
111017,Pranav654@  
111018,Shruti987$  
111019,Yash123#  
111020,Pooja456@  
111021,Akhil789$  
111022,Riya321#  
111023,Siddharth654@  
111024,Sneha987$  
111025,Harsh123#  
111026,Tanvi456@  
111027,Nikhil789$  
111028,Sanya321#  
111029,Arnav654@  
111030,Isha987$  
112001,Rajesh123#  
112002,Snehal456@  
112003,Vikram789$  
112004,Ishita321#  
112005,Ravi654@  
112006,Priya987$  
112007,Manish123#  
112008,Neha456@  
112009,Akshay789$  
112010,Komal321#  
112011,Ankit654@  
112012,Swati987$  
112013,Sahil123#  
112014,Nikita456@  
112015,Raghav789$  
112016,Divya321#  
112017,Arvind654@  
112018,Ritu987$  
112019,Abhinav123#  
112020,Trisha456@  
112021,Shivam789$  
112022,Pallavi321#  
112023,Aman654@  
112024,Kiran987$  
112025,Esha123#  
112026,Yuvraj456@  
112027,Roshni789$  
112028,Kunal321#  
112029,Tanisha654@  
112030,Varun987$  
121001,Aarush123#  
121002,Tanvi456@  
121003,Raghav789$  
121004,Sneha321#  
121005,Karthik654@  
121006,Meera987$  
121007,Vihaan123#  
121008,Ishita456@  
121009,Akshay789$  
121010,Ananya321#  
121011,Yash654@  
121012,Kavya987$  
121013,Arjun123#  
121014,Priya456@  
121015,Aditya789$  
121016,Nisha321#  
121017,Siddharth654@  
121018,Pooja987$  
121019,Vedant123#  
121020,Shruti456@  
121021,Rohan789$  
121022,Aditi321#  
121023,Sahil654@  
121024,Trisha987$  
121025,Abhinav123#  
121026,Riya456@  
121027,Shivam789$  
121028,Ishaan321#  
121029,Saanvi654@  
121030,Varun987$  
122001,Arnav123#  
122002,Diya456@  
122003,Harsh789$  
122004,Lavanya321#  
122005,Manav654@  
122006,Aisha987$  
122007,Rajat123#  
122008,Sanya456@  
122009,Pranav789$  
122010,Simran321#  
122011,Krish654@  
122012,Neha987$  
122013,Atharv123#  
122014,Radhika456@  
122015,Karan789$  
122016,Ishika321#  
122017,Arpit654@  
122018,Tanisha987$  
122019,Vedika123#  
122020,Nitin456@  
122021,Akriti789$  
122022,Saurav321#  
122023,Kiara654@  
122024,Omkar987$  
122025,Anjali123#  
122026,Dhruv456@  
122027,Snehal789$  
122028,Advait321#  
122029,Pallavi654@  
122030,Yuvraj987$
